Date,Open,High,Low,Close,Volume
2021-09-22 10:00:00,2944.61,2950.56,2943.65,2950.56,6.76924966
2021-09-22 10:15:00,2950.01,2950.01,2933.04,2938.15,16.80755423
2021-09-22 10:30:00,2935.09,2935.09,2922.42,2925.19,15.94800343
2021-09-22 10:45:00,2930.78,2934.35,2925.38,2927.6,2.61645119
2021-09-22 11:00:00,2927.13,2933.94,2917.2,2917.2,1.77233688
2021-09-22 11:15:00,2915.72,2930.85,2911.62,2927.9,10.71062032
2021-09-22 11:30:00,2930.85,2941.13,2929.6,2930.91,3.50048325
2021-09-22 11:45:00,2933.35,2941.57,2933.35,2935.39,2.87893348
2021-09-22 12:00:00,2944.59,2948.79,2931.62,2933.83,15.97156365
2021-09-22 12:15:00,2945.73,2945.73,2925.64,2926.1,64.46571584
2021-09-22 12:30:00,2929.74,2936.63,2915.08,2915.08,16.0150179
2021-09-22 12:45:00,2917.07,2930.73,2917.07,2929.76,6.37183711
2021-09-22 13:00:00,2930.99,2931.0,2914.84,2920.95,32.49834673
2021-09-22 13:15:00,2925.43,2926.01,2914.9,2916.13,20.07586371
2021-09-22 13:30:00,2912.46,2912.46,2882.83,2883.42,27.65878111
2021-09-22 13:45:00,2895.8,2899.0,2895.8,2896.65,11.2673038
2021-09-22 14:00:00,2898.76,2899.0,2884.63,2885.33,27.07540643
2021-09-22 14:15:00,2890.15,2902.75,2890.15,2894.98,2.04198275
2021-09-22 14:30:00,2893.01,2910.13,2893.01,2908.0,12.33666912
2021-09-22 14:45:00,2904.22,2919.58,2904.22,2917.82,37.49858674
2021-09-22 15:00:00,2914.17,2972.06,2914.02,2963.73,34.45307478
2021-09-22 15:15:00,2967.45,2967.89,2939.14,2939.74,6.84545573
2021-09-22 15:30:00,2939.74,2946.25,2929.56,2940.55,51.30857821
2021-09-22 15:45:00,2930.4,2949.22,2930.4,2949.22,13.64007095
2021-09-22 16:00:00,2953.58,2963.5,2949.64,2950.52,4.03069021
2021-09-22 16:15:00,2953.17,2953.17,2939.99,2948.54,584.15112942
2021-09-22 16:30:00,2946.91,2948.59,2939.73,2939.73,236.04974998
2021-09-22 16:45:00,2944.88,2944.88,2925.97,2934.33,11.92248495
2021-09-22 17:00:00,2934.0,2951.31,2934.0,2946.4,16.64068038
2021-09-22 17:15:00,2951.05,2971.96,2946.43,2971.96,9.35009224
2021-09-22 17:30:00,2965.98,3003.73,2962.52,2990.01,54.05259438
2021-09-22 17:45:00,2990.0,3009.89,2985.06,3008.57,47.83297774
2021-09-22 18:00:00,3007.47,3035.13,3000.0,3023.43,74.11140113
2021-09-22 18:15:00,3022.4,3036.09,3016.12,3024.76,59.0906548
2021-09-22 18:30:00,3027.06,3046.33,3017.86,3038.55,27.36423676
2021-09-22 18:45:00,3038.55,3046.2,3032.8,3044.57,28.4687349
2021-09-22 19:00:00,3046.3,3050.0,3024.9,3030.15,58.94441924
2021-09-22 19:15:00,3025.01,3025.01,2995.14,3009.0,79.23113213
2021-09-22 19:30:00,3012.92,3020.39,3011.17,3017.83,27.25365903
2021-09-22 19:45:00,3021.26,3034.16,3019.03,3020.81,8.51784959
2021-09-22 20:00:00,3013.08,3088.26,3009.2,3087.97,94.85266619
2021-09-22 20:15:00,3085.0,3088.31,3071.52,3077.07,8.58978153
2021-09-22 20:30:00,3076.37,3077.33,3028.51,3047.51,107.4943118
2021-09-22 20:45:00,3045.13,3045.13,3005.71,3017.2,67.54657419
2021-09-22 21:00:00,3016.86,3021.57,2994.77,3020.59,22.41184262
2021-09-22 21:15:00,3020.0,3040.04,3020.0,3033.49,20.04272369
2021-09-22 21:30:00,3033.7,3038.11,3022.31,3033.28,17.68613313
2021-09-22 21:45:00,3033.28,3033.28,3016.64,3026.15,37.18218929
2021-09-22 22:00:00,3018.93,3019.8,3009.02,3016.94,8.9654461
2021-09-22 22:15:00,3023.22,3029.17,3017.62,3022.74,2.39919935
2021-09-22 22:30:00,3025.5,3032.76,3024.97,3028.54,9.26453092
2021-09-22 22:45:00,3026.52,3032.41,3020.26,3023.98,44.96320141
2021-09-22 23:00:00,3014.4,3038.76,3014.4,3031.96,9.04383171
2021-09-22 23:15:00,3032.98,3048.06,3032.98,3047.21,11.07129646
2021-09-22 23:30:00,3047.52,3056.59,3035.4,3035.4,12.31975331
2021-09-22 23:45:00,3040.06,3040.06,3015.82,3033.45,2.96584509
2021-09-23 00:00:00,3038.76,3062.79,3038.76,3049.95,10.81719406
2021-09-23 00:15:00,3050.01,3050.71,3030.86,3030.86,18.56996808
2021-09-23 00:30:00,3037.3,3074.27,3037.3,3066.38,32.7193521
2021-09-23 00:45:00,3061.75,3070.06,3058.6,3070.06,1.94736306
2021-09-23 01:00:00,3071.59,3075.84,3058.08,3058.08,17.72592362
2021-09-23 01:15:00,3053.3,3053.3,3050.02,3050.02,0.05569215
2021-09-23 01:30:00,3063.75,3063.75,3052.62,3055.43,5.93956457
2021-09-23 01:45:00,3070.72,3075.85,3070.72,3075.85,0.09578005
2021-09-23 02:00:00,3070.33,3096.41,3059.66,3088.4,90.25720869
2021-09-23 02:15:00,3077.68,3077.68,3056.28,3056.28,2.46685128
2021-09-23 02:30:00,3055.38,3076.23,3055.38,3055.88,74.65053748
2021-09-23 02:45:00,3053.31,3053.31,3040.34,3042.66,0.72733989
2021-09-23 03:00:00,3040.1,3054.93,3037.15,3043.33,1.15636781
2021-09-23 03:15:00,3040.99,3053.84,3040.99,3053.84,4.66078887
2021-09-23 03:30:00,3049.29,3063.04,3049.29,3059.84,14.32387273
2021-09-23 03:45:00,3062.77,3073.0,3062.77,3068.59,6.75472675
2021-09-23 04:00:00,3075.0,3075.0,3060.87,3060.87,2.35151095
2021-09-23 04:15:00,3064.69,3076.56,3064.69,3076.56,15.11830191
2021-09-23 04:30:00,3073.5,3082.61,3073.5,3082.07,3.17115183
2021-09-23 04:45:00,3076.13,3080.5,3071.82,3075.21,3.25091203
2021-09-23 05:00:00,3078.99,3078.99,3067.18,3074.96,1.44997523
2021-09-23 05:15:00,3083.89,3116.18,3083.89,3109.29,57.31225245
2021-09-23 05:30:00,3106.47,3106.47,3095.84,3098.95,5.17394275
2021-09-23 05:45:00,3102.27,3109.88,3102.27,3109.88,10.97687024
2021-09-23 06:00:00,3119.02,3122.22,3112.37,3113.05,5.32343501
2021-09-23 06:15:00,3106.06,3112.71,3104.12,3112.71,1.77913293
2021-09-23 06:30:00,3115.87,3134.14,3115.44,3121.19,18.44955683
2021-09-23 06:45:00,3123.59,3123.59,3112.23,3112.23,7.42891742
2021-09-23 07:00:00,3111.85,3128.81,3111.85,3128.81,8.60150627
2021-09-23 07:15:00,3125.26,3126.58,3110.73,3110.73,18.03563452
2021-09-23 07:30:00,3110.5,3116.93,3105.97,3116.93,14.96285789
2021-09-23 07:45:00,3118.71,3118.71,3110.2,3111.11,5.8443557
2021-09-23 08:00:00,3114.85,3115.69,3104.82,3104.82,11.28201479
2021-09-23 08:15:00,3112.0,3112.0,3100.28,3101.31,4.49656239
2021-09-23 08:30:00,3107.99,3111.81,3107.99,3108.37,1.07052792
2021-09-23 08:45:00,3110.7,3134.51,3110.46,3133.75,13.11421242
2021-09-23 09:00:00,3133.57,3133.57,3115.58,3116.95,33.8853322
2021-09-23 09:15:00,3114.23,3124.61,3114.23,3124.61,2.33711053
2021-09-23 09:30:00,3123.9,3139.45,3123.9,3132.22,7.10534535
2021-09-23 09:45:00,3139.46,3145.5,3133.73,3145.5,5.59562979
2021-09-23 10:00:00,3145.49,3149.11,3131.44,3131.44,29.32563383
2021-09-23 10:15:00,3132.21,3136.18,3130.86,3130.86,1.54914118
2021-09-23 10:30:00,3135.0,3137.12,3123.03,3126.96,40.85982507
2021-09-23 10:45:00,3128.72,3128.9,3117.47,3119.66,8.07015116
2021-09-23 11:00:00,3117.28,3127.02,3109.02,3127.02,18.76969442
2021-09-23 11:15:00,3123.1,3134.63,3123.1,3125.95,16.18254475
2021-09-23 11:30:00,3123.07,3124.09,3114.35,3120.81,4.0380208
2021-09-23 11:45:00,3120.29,3120.29,3113.02,3117.31,5.80206166
2021-09-23 12:00:00,3111.07,3127.67,3096.09,3098.3,13.80340282
2021-09-23 12:15:00,3099.31,3102.28,3070.0,3071.23,38.08246378
2021-09-23 12:30:00,3070.0,3083.37,3069.53,3081.46,5.22551227
2021-09-23 12:45:00,3082.95,3087.63,3082.87,3085.1,5.54437664
2021-09-23 13:00:00,3084.55,3088.6,3061.6,3061.6,43.17989463
2021-09-23 13:15:00,3064.31,3080.49,3061.4,3074.43,17.79617384
2021-09-23 13:30:00,3073.1,3077.51,3054.93,3062.62,19.7791958
2021-09-23 13:45:00,3053.3,3057.15,3041.67,3057.14,29.16525429
2021-09-23 14:00:00,3053.84,3066.34,3048.46,3052.02,4.23259442
2021-09-23 14:15:00,3063.27,3077.7,3054.38,3071.91,6.94697955
2021-09-23 14:30:00,3072.67,3090.0,3072.67,3085.0,15.07991277
2021-09-23 14:45:00,3081.19,3084.36,3069.09,3070.12,19.4904663
2021-09-23 15:00:00,3071.29,3077.47,3067.0,3073.05,42.3842683
2021-09-23 15:15:00,3076.76,3076.76,3071.45,3073.24,40.17165501
2021-09-23 15:30:00,3079.19,3113.07,3079.19,3113.07,40.22179092
2021-09-23 15:45:00,3113.46,3120.0,3106.3,3112.04,15.72364529
2021-09-23 16:00:00,3109.01,3124.43,3108.27,3120.82,3.0012102
2021-09-23 16:15:00,3118.29,3134.51,3114.99,3128.15,40.60471971
2021-09-23 16:30:00,3128.68,3139.21,3128.26,3139.21,13.23653163
2021-09-23 16:45:00,3138.59,3139.51,3128.22,3132.39,11.91591271
2021-09-23 17:00:00,3134.6,3134.6,3125.13,3125.98,11.59815695
2021-09-23 17:15:00,3128.12,3129.98,3108.93,3110.42,15.17318681
2021-09-23 17:30:00,3106.27,3106.29,3097.62,3103.72,16.80481172
2021-09-23 17:45:00,3103.72,3103.72,3089.78,3097.54,13.59649486
2021-09-23 18:00:00,3097.0,3106.36,3088.99,3088.99,20.3052899
2021-09-23 18:15:00,3089.44,3098.54,3088.65,3093.96,15.47333399
2021-09-23 18:30:00,3092.32,3112.33,3092.32,3105.65,30.45057707
2021-09-23 18:45:00,3103.1,3103.1,3095.95,3095.95,0.98903932
2021-09-23 19:00:00,3114.74,3130.27,3114.74,3120.56,12.09656265
2021-09-23 19:15:00,3130.49,3165.22,3130.49,3164.13,54.82982311
2021-09-23 19:30:00,3165.72,3173.99,3151.66,3167.0,33.95872619
2021-09-23 19:45:00,3164.17,3165.99,3158.18,3164.76,37.7942804
2021-09-23 20:00:00,3163.53,3173.05,3130.6,3138.6,64.05713048
2021-09-23 20:15:00,3135.75,3154.05,3135.61,3150.2,4.26283477
2021-09-23 20:30:00,3150.15,3155.75,3143.99,3143.99,14.33291631
2021-09-23 20:45:00,3144.19,3149.43,3142.22,3149.43,10.34575761
2021-09-23 21:00:00,3150.34,3154.2,3144.89,3154.2,2.82854061
2021-09-23 21:15:00,3153.59,3155.86,3148.82,3150.53,9.95813007
2021-09-23 21:30:00,3139.22,3152.36,3139.22,3151.25,4.94538833
2021-09-23 21:45:00,3147.76,3150.92,3147.7,3147.74,1.30791403
2021-09-23 22:00:00,3149.1,3149.1,3135.34,3139.02,11.88094044
2021-09-23 22:15:00,3135.87,3135.87,3124.46,3126.9,15.34827821
2021-09-23 22:30:00,3132.78,3132.78,3127.38,3131.94,2.03277924
2021-09-23 22:45:00,3141.32,3141.32,3137.71,3137.71,0.3995927
2021-09-23 23:00:00,3139.97,3144.34,3136.39,3139.63,8.52536583
2021-09-23 23:15:00,3143.31,3145.34,3143.31,3145.34,18.86702471
2021-09-23 23:30:00,3148.19,3148.19,3140.21,3140.29,5.2689121
2021-09-23 23:45:00,3139.06,3139.06,3131.65,3138.82,5.89957509
2021-09-24 00:00:00,3146.71,3163.27,3143.11,3159.91,56.08964199
2021-09-24 00:15:00,3151.45,3151.45,3126.25,3135.8,32.2864293
2021-09-24 00:30:00,3135.11,3136.17,3131.81,3136.17,6.31969584
2021-09-24 00:45:00,3144.29,3153.69,3144.29,3144.3,2.90544709
2021-09-24 01:00:00,3135.34,3138.88,3127.04,3127.04,12.32964766
2021-09-24 01:15:00,3130.01,3136.09,3130.01,3135.61,4.07541084
2021-09-24 01:30:00,3135.6,3151.07,3135.36,3151.07,21.51998662
2021-09-24 01:45:00,3153.52,3155.01,3149.52,3155.01,7.52440627
2021-09-24 02:00:00,3151.13,3157.27,3141.69,3146.81,30.61240427
2021-09-24 02:15:00,3148.16,3148.16,3136.22,3139.84,9.37118413
2021-09-24 02:30:00,3139.84,3139.84,3139.84,3139.84,0.0
2021-09-24 02:45:00,3135.34,3135.34,3130.0,3130.0,8.00554321
2021-09-24 03:00:00,3129.07,3129.07,3129.06,3129.06,1.0
2021-09-24 03:15:00,3127.88,3127.88,3113.68,3123.61,26.27847502
2021-09-24 03:30:00,3119.82,3123.25,3119.82,3123.25,3.00452763
2021-09-24 03:45:00,3121.37,3123.4,3087.53,3091.4,93.124258
2021-09-24 04:00:00,3100.64,3101.4,3082.76,3100.96,41.01241813
2021-09-24 04:15:00,3100.96,3104.67,3097.22,3097.22,4.33791908
2021-09-24 04:30:00,3091.76,3095.55,3088.05,3095.55,74.05842805
2021-09-24 04:45:00,3093.93,3098.24,3091.48,3098.24,7.02879711
2021-09-24 05:00:00,3099.8,3111.02,3099.8,3106.42,23.32396897
2021-09-24 05:15:00,3102.82,3104.72,3089.6,3101.92,47.1362953
2021-09-24 05:30:00,3100.31,3106.34,3093.96,3097.08,63.83915013
2021-09-24 05:45:00,3095.45,3097.67,3070.75,3075.0,48.69572236
2021-09-24 06:00:00,3075.0,3085.45,3057.33,3063.32,25.33156254
2021-09-24 06:15:00,3062.77,3077.72,3060.36,3072.31,23.04903855
2021-09-24 06:30:00,3071.34,3082.6,3071.34,3082.29,19.82212985
2021-09-24 06:45:00,3082.6,3085.28,3072.17,3077.25,23.96711365
2021-09-24 07:00:00,3077.81,3077.81,3064.61,3069.17,80.65389733
2021-09-24 07:15:00,3061.41,3062.23,3042.0,3050.0,53.21887049
2021-09-24 07:30:00,3041.64,3065.14,3041.16,3065.14,15.13980348
2021-09-24 07:45:00,3063.38,3074.38,3063.38,3072.78,21.37193687
2021-09-24 08:00:00,3070.41,3085.29,3068.5,3085.28,25.74564223
2021-09-24 08:15:00,3085.28,3094.31,3085.28,3089.46,28.03749915
2021-09-24 08:30:00,3088.0,3088.0,3068.52,3068.52,11.03196822
2021-09-24 08:45:00,3066.11,3068.33,3060.98,3060.98,7.67255373
2021-09-24 09:00:00,3060.2,3106.69,3060.2,3106.69,93.77731685
2021-09-24 09:15:00,3109.7,3113.09,3094.06,3096.07,21.69809384
2021-09-24 09:30:00,3094.05,3109.64,3085.62,3109.64,47.7984538
2021-09-24 09:45:00,3110.76,3113.47,3090.98,3090.98,13.37488304
2021-09-24 10:00:00,3088.86,3100.12,3088.86,3100.12,12.66997949
2021-09-24 10:15:00,3101.29,3111.89,3101.29,3110.52,17.75186449
2021-09-24 10:30:00,3109.52,3111.39,3103.23,3103.23,11.51615888
2021-09-24 10:45:00,3102.78,3104.57,3050.0,3052.76,40.98325459
2021-09-24 11:00:00,3048.01,3048.01,2929.19,2933.31,321.80864713
2021-09-24 11:15:00,2935.96,2938.97,2862.59,2880.6,177.32077781
2021-09-24 11:30:00,2881.88,2919.22,2877.98,2900.98,148.45714301
2021-09-24 11:45:00,2899.06,2900.38,2859.61,2863.59,224.27363011
2021-09-24 12:00:00,2859.32,2904.29,2838.42,2903.8,618.15120851
2021-09-24 12:15:00,2903.47,2903.47,2876.52,2878.86,926.69194584
2021-09-24 12:30:00,2878.86,2878.86,2838.81,2852.85,1293.61099498
2021-09-24 12:45:00,2861.11,2861.11,2815.91,2835.58,165.36991211
2021-09-24 13:00:00,2833.88,2845.0,2758.0,2758.0,645.01276106
2021-09-24 13:15:00,2755.65,2816.92,2738.11,2801.72,2712.17391852
2021-09-24 13:30:00,2802.17,2822.37,2768.49,2822.37,1694.55122216
2021-09-24 13:45:00,2824.73,2836.15,2810.09,2832.54,192.48024032
2021-09-24 14:00:00,2825.26,2825.26,2796.7,2800.0,1371.78261626
2021-09-24 14:15:00,2813.0,2849.52,2808.92,2849.52,1665.92192876
2021-09-24 14:30:00,2848.91,2848.91,2824.67,2829.72,48.08483173
2021-09-24 14:45:00,2822.5,2822.5,2793.38,2796.71,71.14203645
2021-09-24 15:00:00,2800.0,2814.7,2780.69,2795.52,15.36072869
2021-09-24 15:15:00,2805.06,2805.06,2769.4,2794.57,37.6662592
2021-09-24 15:30:00,2795.78,2867.32,2795.78,2852.26,76.44338125
2021-09-24 15:45:00,2848.24,2874.32,2840.41,2863.92,55.91902723
2021-09-24 16:00:00,2858.19,2901.46,2858.19,2893.68,55.47955916
2021-09-24 16:15:00,2891.15,2936.14,2876.62,2926.7,70.69641502
2021-09-24 16:30:00,2928.57,2938.98,2910.25,2924.13,28.08674052
2021-09-24 16:45:00,2922.97,2922.97,2889.51,2896.6,40.14544816
2021-09-24 17:00:00,2890.3,2900.76,2883.37,2884.63,10.43426645
2021-09-24 17:15:00,2889.13,2895.68,2877.37,2883.18,154.04858684
2021-09-24 17:30:00,2883.18,2883.34,2848.28,2866.65,24.16883142
2021-09-24 17:45:00,2862.84,2876.31,2856.79,2876.31,26.86865327
2021-09-24 18:00:00,2878.79,2890.98,2873.83,2885.23,20.60239491
2021-09-24 18:15:00,2882.08,2897.17,2882.08,2890.45,21.07740575
2021-09-24 18:30:00,2892.09,2905.07,2891.91,2891.91,15.31253686
2021-09-24 18:45:00,2905.08,2914.65,2901.37,2904.98,2.71502544
2021-09-24 19:00:00,2905.01,2905.01,2881.0,2889.37,13.51108376
2021-09-24 19:15:00,2896.69,2902.27,2891.46,2902.27,12.23035196
2021-09-24 19:30:00,2876.98,2877.53,2867.05,2869.82,7.77990922
2021-09-24 19:45:00,2870.98,2879.29,2868.94,2875.78,1.27970616
2021-09-24 20:00:00,2879.55,2891.0,2877.18,2890.04,5.16414728
2021-09-24 20:15:00,2888.93,2907.42,2888.93,2907.16,6.33342386
2021-09-24 20:30:00,2895.92,2895.96,2894.34,2895.11,40.0448559
2021-09-24 20:45:00,2907.17,2909.32,2893.36,2893.36,5.74705437
2021-09-24 21:00:00,2896.56,2903.96,2894.64,2894.64,3.5825352
2021-09-24 21:15:00,2899.16,2904.63,2894.09,2904.63,16.39198601
2021-09-24 21:30:00,2908.79,2919.58,2890.47,2893.3,91.80813544
2021-09-24 21:45:00,2895.0,2896.39,2885.39,2896.39,19.37375806
2021-09-24 22:00:00,2907.1,2919.58,2906.7,2919.58,0.77856235
2021-09-24 22:15:00,2921.84,2926.45,2918.83,2919.56,2.73328713
2021-09-24 22:30:00,2924.37,2946.02,2923.99,2946.02,30.89571471
2021-09-24 22:45:00,2947.42,2947.42,2943.04,2943.83,19.92658586
2021-09-24 23:00:00,2942.92,2963.72,2939.85,2960.0,112.39113982
2021-09-24 23:15:00,2957.59,2972.88,2957.59,2972.88,5.64590447
2021-09-24 23:30:00,2972.12,2978.29,2960.0,2960.0,66.95668162
2021-09-24 23:45:00,2963.38,2969.92,2954.12,2957.2,9.50274029
2021-09-25 00:00:00,2955.75,2955.8,2955.75,2955.8,2.5
2021-09-25 00:15:00,2956.3,2960.92,2944.34,2944.34,29.12225388
2021-09-25 00:30:00,2949.38,2951.86,2946.22,2947.15,0.95229537
2021-09-25 00:45:00,2955.11,2957.41,2955.11,2956.23,10.51478745
2021-09-25 01:00:00,2957.12,2960.87,2946.03,2946.03,4.37358174
2021-09-25 01:15:00,2949.2,2949.2,2946.26,2946.97,0.45571701
2021-09-25 01:30:00,2944.12,2944.12,2919.26,2927.44,3.20939697
2021-09-25 01:45:00,2918.71,2924.22,2908.93,2924.22,51.64238661
2021-09-25 02:00:00,2929.17,2935.31,2913.53,2923.69,15.93394427
2021-09-25 02:15:00,2930.99,2950.9,2930.99,2944.13,4.5061353
2021-09-25 02:30:00,2935.79,2939.51,2930.18,2939.51,7.08030228
2021-09-25 02:45:00,2936.42,2944.38,2932.23,2944.38,0.05184194
2021-09-25 03:00:00,2943.95,2943.95,2920.57,2920.57,0.38704712
2021-09-25 03:15:00,2924.33,2928.24,2882.44,2887.25,6.73413871
2021-09-25 03:30:00,2881.46,2894.48,2876.98,2893.25,6.92522929
2021-09-25 03:45:00,2905.08,2917.72,2905.08,2917.72,0.7766968
2021-09-25 04:00:00,2919.58,2920.81,2907.11,2908.46,12.75799495
2021-09-25 04:15:00,2914.62,2920.31,2914.62,2919.71,8.822872
2021-09-25 04:30:00,2921.84,2928.62,2919.41,2919.41,3.10124713
2021-09-25 04:45:00,2908.3,2908.3,2891.96,2891.96,3.13046226
2021-09-25 05:00:00,2899.98,2907.82,2897.7,2899.78,15.39200124
2021-09-25 05:15:00,2919.58,2921.84,2919.58,2921.84,0.18609379
2021-09-25 05:30:00,2924.46,2924.46,2914.97,2917.69,34.42637668
2021-09-25 05:45:00,2913.19,2921.91,2911.41,2921.91,13.34727189
2021-09-25 06:00:00,2915.05,2936.34,2915.05,2928.3,0.81367377
2021-09-25 06:15:00,2936.1,2936.1,2932.03,2932.1,5.99405564
2021-09-25 06:30:00,2938.98,2940.84,2938.98,2940.84,0.04322984
2021-09-25 06:45:00,2940.84,2940.84,2940.84,2940.84,0.0
2021-09-25 07:00:00,2941.37,2941.47,2915.08,2915.08,4.55997762
2021-09-25 07:15:00,2918.62,2922.53,2913.34,2913.34,0.13411806
2021-09-25 07:30:00,2922.59,2929.43,2922.59,2928.0,1.408
2021-09-25 07:45:00,2914.21,2914.21,2910.29,2910.29,0.08455851
2021-09-25 08:00:00,2915.64,2916.11,2905.98,2905.98,0.89233822
2021-09-25 08:15:00,2911.16,2923.72,2911.16,2919.21,8.61206315
2021-09-25 08:30:00,2931.74,2931.74,2924.44,2928.88,10.49696465
2021-09-25 08:45:00,2931.02,2931.02,2925.88,2928.82,8.16906841
2021-09-25 09:00:00,2931.89,2931.89,2918.66,2920.67,0.49094857
2021-09-25 09:15:00,2916.17,2916.17,2909.46,2909.46,0.67925755
2021-09-25 09:30:00,2905.97,2905.97,2893.25,2895.19,7.56913906
2021-09-25 09:45:00,2892.05,2904.21,2885.75,2885.75,3.35048307
2021-09-25 10:00:00,2886.39,2891.02,2867.3,2867.3,60.40790767
2021-09-25 10:15:00,2867.15,2867.15,2847.7,2860.32,20.2131114
2021-09-25 10:30:00,2856.65,2856.65,2801.74,2813.79,227.19328406
2021-09-25 10:45:00,2832.21,2916.77,2832.21,2907.51,53.62990193
2021-09-25 11:00:00,2915.61,2915.61,2887.98,2897.84,12.26092789
2021-09-25 11:15:00,2893.61,2940.83,2893.12,2940.83,9.75464981
2021-09-25 11:30:00,2925.48,2948.34,2925.48,2934.98,18.90239368
2021-09-25 11:45:00,2940.43,2941.26,2934.39,2939.27,10.64312241
2021-09-25 12:00:00,2938.48,2963.5,2936.7,2958.99,4.26235342
2021-09-25 12:15:00,2952.52,2954.12,2952.11,2953.68,2.82258606
2021-09-25 12:30:00,2959.14,2959.14,2940.0,2944.69,15.34877157
2021-09-25 12:45:00,2939.41,2940.87,2936.47,2938.16,6.04832012
2021-09-25 13:00:00,2935.26,2937.52,2910.29,2920.99,4.22374355
2021-09-25 13:15:00,2912.67,2918.47,2896.93,2909.74,14.00752692
2021-09-25 13:30:00,2905.57,2909.42,2891.58,2902.36,13.87660941
2021-09-25 13:45:00,2898.15,2913.77,2898.0,2913.76,6.03491101
2021-09-25 14:00:00,2908.67,2919.58,2905.06,2916.89,8.17664163
2021-09-25 14:15:00,2907.56,2919.91,2902.23,2919.91,18.69555021
2021-09-25 14:30:00,2917.75,2917.75,2908.64,2908.64,7.03936607
2021-09-25 14:45:00,2906.84,2907.56,2903.42,2904.6,5.22361807
2021-09-25 15:00:00,2906.09,2940.84,2893.43,2935.85,25.10974337
2021-09-25 15:15:00,2939.59,2939.59,2921.01,2921.01,47.02675471
2021-09-25 15:30:00,2916.93,2919.19,2902.42,2909.42,4.49291733
2021-09-25 15:45:00,2916.26,2918.53,2904.0,2904.0,16.62927979
2021-09-25 16:00:00,2901.81,2915.5,2900.0,2910.85,7.95372164
2021-09-25 16:15:00,2908.29,2908.29,2857.71,2893.07,25.68155447
2021-09-25 16:30:00,2885.78,2895.63,2876.5,2879.75,8.73000912
2021-09-25 16:45:00,2878.73,2890.24,2867.15,2868.56,13.67001508
2021-09-25 17:00:00,2867.64,2871.18,2852.92,2853.2,51.73286886
2021-09-25 17:15:00,2876.31,2931.44,2872.67,2926.59,79.24712563
2021-09-25 17:30:00,2926.82,2940.84,2923.0,2939.3,86.33736696
2021-09-25 17:45:00,2940.79,2941.59,2918.39,2918.39,23.18896231
2021-09-25 18:00:00,2920.39,2931.83,2857.88,2866.0,95.20573958
2021-09-25 18:15:00,2864.93,2890.08,2864.93,2890.08,2.63998782
2021-09-25 18:30:00,2890.08,2912.99,2883.78,2883.78,17.80695615
2021-09-25 18:45:00,2882.48,2907.42,2880.9,2898.28,48.99800266
2021-09-25 19:00:00,2901.33,2901.33,2890.01,2896.53,3.03140998
2021-09-25 19:15:00,2900.28,2908.41,2897.37,2908.41,1.32425831
2021-09-25 19:30:00,2909.33,2910.19,2902.3,2902.3,2.58421903
2021-09-25 19:45:00,2898.44,2909.33,2898.44,2902.94,52.117349
2021-09-25 20:00:00,2898.71,2911.66,2897.83,2911.66,4.43097058
2021-09-25 20:15:00,2901.15,2901.15,2887.04,2893.23,1.02893591
2021-09-25 20:30:00,2893.45,2896.57,2887.63,2896.57,3.82291382
2021-09-25 20:45:00,2890.54,2906.4,2890.54,2898.55,34.97703503
2021-09-25 21:00:00,2899.95,2908.09,2899.95,2907.0,0.71082788
2021-09-25 21:15:00,2910.47,2911.2,2902.84,2911.19,2.87466809
2021-09-25 21:30:00,2911.19,2926.51,2911.19,2919.87,13.0591528
2021-09-25 21:45:00,2915.15,2920.29,2910.02,2912.53,0.21553819
2021-09-25 22:00:00,2908.8,2908.8,2903.56,2904.06,1.04635076
2021-09-25 22:15:00,2904.56,2912.61,2904.56,2905.06,2.94673524
2021-09-25 22:30:00,2906.97,2936.34,2906.97,2932.19,4.99049156
2021-09-25 22:45:00,2923.14,2927.33,2920.52,2927.33,2.20412748
2021-09-25 23:00:00,2923.74,2923.75,2916.47,2917.6,5.47948288
2021-09-25 23:15:00,2912.46,2912.46,2898.08,2904.6,4.28428757
2021-09-25 23:30:00,2908.84,2908.84,2908.84,2908.84,0.00749
2021-09-25 23:45:00,2915.73,2915.73,2904.63,2911.88,1.11993334
2021-09-26 00:00:00,2912.96,2921.84,2912.96,2921.84,39.9116077
2021-09-26 00:15:00,2924.46,2929.87,2924.46,2929.87,1.04779223
2021-09-26 00:30:00,2934.14,2938.98,2934.14,2938.98,30.81658484
2021-09-26 00:45:00,2939.49,2939.49,2933.3,2933.3,1.25
2021-09-26 01:00:00,2939.3,2943.03,2912.26,2915.19,20.25993941
2021-09-26 01:15:00,2917.66,2926.86,2915.2,2926.86,0.81946384
2021-09-26 01:30:00,2936.34,2938.98,2935.47,2936.5,0.69728878
2021-09-26 01:45:00,2935.12,2940.84,2927.78,2927.78,3.99207613
2021-09-26 02:00:00,2924.42,2927.78,2912.46,2912.46,2.80399497
2021-09-26 02:15:00,2910.29,2910.29,2879.02,2890.84,96.16325221
2021-09-26 02:30:00,2891.63,2901.3,2891.63,2891.7,5.38961071
2021-09-26 02:45:00,2891.56,2893.94,2876.98,2893.94,10.75457108
2021-09-26 03:00:00,2900.64,2900.64,2883.52,2883.52,0.72869207
2021-09-26 03:15:00,2889.57,2895.47,2889.29,2892.36,2.0209032
2021-09-26 03:30:00,2880.0,2880.0,2869.54,2869.54,0.52166056
2021-09-26 03:45:00,2877.56,2878.43,2864.62,2873.74,0.88649903
2021-09-26 04:00:00,2868.79,2868.79,2851.46,2853.05,21.71770852
2021-09-26 04:15:00,2850.61,2861.21,2846.41,2854.09,96.33137839
2021-09-26 04:30:00,2852.52,2852.52,2850.25,2850.25,8.39925664
2021-09-26 04:45:00,2871.7,2871.7,2852.97,2855.6,15.68629874
2021-09-26 05:00:00,2850.56,2862.54,2844.0,2862.54,3.93625941
2021-09-26 05:15:00,2855.57,2875.73,2853.87,2875.12,0.28778524
2021-09-26 05:30:00,2876.31,2883.24,2873.53,2873.53,6.53407976
2021-09-26 05:45:00,2862.39,2862.39,2861.68,2861.68,1.66774788
2021-09-26 06:00:00,2859.78,2859.78,2848.28,2848.28,7.64309567
2021-09-26 06:15:00,2848.28,2848.28,2848.28,2848.28,0.0
2021-09-26 06:30:00,2845.09,2845.09,2820.3,2824.72,26.22717093
2021-09-26 06:45:00,2832.89,2842.88,2832.53,2835.9,2.77731922
2021-09-26 07:00:00,2848.28,2857.35,2845.88,2857.35,6.9354002
2021-09-26 07:15:00,2851.74,2851.74,2845.88,2845.88,1.64346346
2021-09-26 07:30:00,2845.88,2845.88,2833.55,2840.66,9.54165632
2021-09-26 07:45:00,2849.43,2850.83,2833.89,2836.4,11.95322236
2021-09-26 08:00:00,2834.47,2838.94,2821.59,2821.59,54.13194016
2021-09-26 08:15:00,2835.96,2839.26,2835.96,2839.26,10.01761804
2021-09-26 08:30:00,2844.84,2844.84,2836.7,2836.7,0.06209432
2021-09-26 08:45:00,2841.64,2844.63,2815.72,2815.72,21.41986007
2021-09-26 09:00:00,2819.81,2820.0,2813.88,2820.0,1.25110106
2021-09-26 09:15:00,2823.44,2836.72,2810.0,2810.66,34.05916797
2021-09-26 09:30:00,2816.45,2821.03,2751.99,2757.76,122.7194582
2021-09-26 09:45:00,2762.0,2795.35,2740.19,2775.56,62.63047024
2021-09-26 10:00:00,2772.14,2796.79,2770.42,2770.42,53.23136443
2021-09-26 10:15:00,2769.0,2772.51,2739.38,2769.34,37.10420171
2021-09-26 10:30:00,2770.0,2780.78,2762.87,2763.29,5.16614288
2021-09-26 10:45:00,2768.7,2785.27,2768.7,2785.27,14.27826338
2021-09-26 11:00:00,2785.19,2794.37,2780.39,2784.74,48.29823205
2021-09-26 11:15:00,2791.8,2889.02,2791.8,2874.41,179.19934391
2021-09-26 11:30:00,2871.19,2907.42,2870.89,2907.42,44.74311347
2021-09-26 11:45:00,2909.33,3025.18,2909.33,2979.18,304.82736112
2021-09-26 12:00:00,2990.34,3007.22,2975.71,2975.71,101.66872308
2021-09-26 12:15:00,2973.43,2973.43,2951.91,2957.68,34.18628228
2021-09-26 12:30:00,2954.45,2954.81,2938.83,2954.81,8.50993374
2021-09-26 12:45:00,2948.82,2956.76,2948.82,2954.67,57.6784472
2021-09-26 13:00:00,2957.59,2967.7,2955.55,2961.42,13.27882464
2021-09-26 13:15:00,2964.31,2980.24,2964.31,2972.13,7.43322032
2021-09-26 13:30:00,2974.48,2974.48,2966.77,2968.52,51.2047172
2021-09-26 13:45:00,2971.03,2971.03,2970.06,2970.7,2.15633945
2021-09-26 14:00:00,2979.93,3015.63,2979.93,3010.46,29.25003459
2021-09-26 14:15:00,3009.71,3014.31,2998.52,3014.31,15.98790104
2021-09-26 14:30:00,3015.0,3027.93,3002.64,3007.72,11.94941284
2021-09-26 14:45:00,3007.67,3007.67,2998.52,3002.76,1078.93538636
2021-09-26 15:00:00,3015.0,3018.91,2855.0,2995.3,1205.50746135
2021-09-26 15:15:00,2996.13,3003.91,2985.12,2992.24,25.47183809
2021-09-26 15:30:00,2994.78,2999.1,2984.08,2984.08,9.52677597
2021-09-26 15:45:00,2983.82,3001.1,2983.82,2995.8,40.94014025
2021-09-26 16:00:00,3001.1,3003.74,2990.37,2990.37,3.73969736
2021-09-26 16:15:00,3003.34,3015.1,3000.13,3005.91,6.88698056
2021-09-26 16:30:00,3002.76,3020.81,2999.22,3016.84,4.5642877
2021-09-26 16:45:00,3016.99,3036.87,3008.21,3027.67,4.24126102
2021-09-26 17:00:00,3032.65,3037.51,3021.6,3021.6,16.13617631
2021-09-26 17:15:00,3026.83,3026.83,3017.69,3020.0,2.91575707
2021-09-26 17:30:00,3032.82,3032.84,3030.96,3031.86,14.89898502
2021-09-26 17:45:00,3035.0,3053.34,3035.0,3048.0,40.66787847
2021-09-26 18:00:00,3053.36,3071.16,3053.36,3056.47,21.10281389
2021-09-26 18:15:00,3048.0,3052.06,3046.67,3050.9,3.77810154
2021-09-26 18:30:00,3058.28,3058.28,3042.34,3044.9,3.57182509
2021-09-26 18:45:00,3043.35,3046.84,3031.09,3035.5,9.84243169
2021-09-26 19:00:00,3041.54,3053.0,3041.54,3053.0,7.04880403
2021-09-26 19:15:00,3054.93,3055.57,3044.51,3044.51,5.78316673
2021-09-26 19:30:00,3039.22,3053.6,3039.22,3051.77,6.54227563
2021-09-26 19:45:00,3037.92,3037.92,3034.12,3034.12,2.11139446
2021-09-26 20:00:00,3038.68,3050.55,3038.68,3043.33,1.09184947
2021-09-26 20:15:00,3042.88,3054.93,3042.88,3047.22,4.34296735
2021-09-26 20:30:00,3049.19,3054.41,3049.19,3049.56,1.86220316
2021-09-26 20:45:00,3050.03,3050.75,3042.38,3042.38,1.7124
2021-09-26 21:00:00,3042.21,3048.67,3038.78,3040.7,1.21398737
2021-09-26 21:15:00,3049.38,3054.16,3049.38,3054.16,12.88771759
2021-09-26 21:30:00,3056.76,3069.11,3050.01,3063.53,10.37085941
2021-09-26 21:45:00,3062.62,3062.62,3056.21,3056.21,6.20014007
2021-09-26 22:00:00,3067.78,3083.89,3065.94,3083.89,16.05920687
2021-09-26 22:15:00,3084.66,3097.11,3079.19,3095.43,14.99047213
2021-09-26 22:30:00,3094.1,3095.4,3086.5,3086.5,7.07946388
2021-09-26 22:45:00,3084.87,3084.87,3077.69,3084.31,9.35655339
2021-09-26 23:00:00,3080.22,3080.96,3077.68,3080.68,12.12576887
2021-09-26 23:15:00,3073.91,3074.86,3072.36,3072.54,3.30448225
2021-09-26 23:30:00,3070.6,3072.47,3065.51,3065.51,3.32172491
2021-09-26 23:45:00,3070.0,3085.9,3070.0,3085.9,24.85283273
2021-09-27 00:00:00,3085.66,3113.41,3085.66,3095.3,16.36947196
2021-09-27 00:15:00,3094.05,3094.05,3085.04,3092.2,1.40437311
2021-09-27 00:30:00,3089.75,3089.75,3077.68,3083.65,0.56958699
2021-09-27 00:45:00,3075.38,3075.38,3018.5,3021.65,135.17735893
2021-09-27 01:00:00,3021.16,3051.16,3013.47,3042.3,57.25484538
2021-09-27 01:15:00,3040.01,3048.96,3033.65,3035.11,60.42322036
2021-09-27 01:30:00,3029.1,3045.73,3026.14,3045.58,9.31211121
2021-09-27 01:45:00,3048.01,3064.14,3048.01,3061.22,2.21508773
2021-09-27 02:00:00,3058.2,3060.0,3037.46,3037.46,5.88365004
2021-09-27 02:15:00,3035.67,3038.36,3030.06,3038.36,0.05725403
2021-09-27 02:30:00,3046.83,3089.06,3046.83,3087.63,2.42189923
2021-09-27 02:45:00,3091.24,3141.64,3091.24,3136.21,24.83323877
2021-09-27 03:00:00,3127.3,3145.89,3122.55,3145.89,18.68377129
2021-09-27 03:15:00,3143.2,3143.2,3131.27,3132.96,5.65431534
2021-09-27 03:30:00,3133.54,3160.36,3133.54,3160.36,22.78951104
2021-09-27 03:45:00,3146.17,3156.68,3146.17,3155.48,1.20725191
2021-09-27 04:00:00,3160.0,3162.92,3149.71,3149.71,3.63788741
2021-09-27 04:15:00,3141.53,3141.53,3130.05,3131.18,25.46055774
2021-09-27 04:30:00,3137.69,3139.78,3134.29,3134.29,14.26952104
2021-09-27 04:45:00,3127.88,3140.05,3118.76,3140.05,13.48921248
2021-09-27 05:00:00,3144.65,3144.65,3139.02,3140.2,4.67739222
2021-09-27 05:15:00,3132.66,3132.66,3132.66,3132.66,0.01766272
2021-09-27 05:30:00,3129.26,3129.26,3118.76,3118.76,1.2052321
2021-09-27 05:45:00,3112.32,3128.71,3109.17,3128.71,7.9716646
2021-09-27 06:00:00,3125.08,3145.33,3125.08,3145.33,2.52939778
2021-09-27 06:15:00,3143.64,3143.64,3129.47,3129.5,3.26801869
2021-09-27 06:30:00,3126.61,3126.62,3118.76,3118.76,0.48548449
2021-09-27 06:45:00,3120.61,3120.61,3119.08,3119.08,0.60609107
2021-09-27 07:00:00,3125.07,3135.0,3124.92,3134.99,4.03132254
2021-09-27 07:15:00,3126.84,3126.84,3124.65,3124.66,1.20454624
2021-09-27 07:30:00,3121.78,3122.45,3119.99,3122.45,0.08484923
2021-09-27 07:45:00,3128.81,3134.7,3122.91,3134.7,2.50328641
2021-09-27 08:00:00,3134.84,3140.0,3134.84,3140.0,4.23783901
2021-09-27 08:15:00,3143.75,3146.95,3123.63,3128.26,2.72607424
2021-09-27 08:30:00,3123.25,3128.89,3123.25,3128.89,3.73453697
2021-09-27 08:45:00,3124.31,3124.31,3090.63,3090.63,22.72369795
2021-09-27 09:00:00,3097.0,3106.18,3078.37,3089.42,56.99984067
2021-09-27 09:15:00,3097.99,3097.99,3086.11,3087.66,4.8544155
2021-09-27 09:30:00,3096.02,3098.36,3091.66,3094.16,5.49796069
2021-09-27 09:45:00,3096.84,3104.07,3094.18,3100.04,18.74448352
2021-09-27 10:00:00,3091.44,3101.0,3088.99,3088.99,2.11213177
2021-09-27 10:15:00,3097.03,3100.81,3096.53,3100.81,5.42299331
2021-09-27 10:30:00,3101.53,3116.41,3101.53,3106.46,10.4908916
2021-09-27 10:45:00,3106.66,3109.99,3104.49,3104.49,39.88199365
2021-09-27 11:00:00,3119.02,3134.51,3118.96,3118.97,1.01341714
2021-09-27 11:15:00,3120.07,3135.01,3120.07,3131.05,19.16429668
2021-09-27 11:30:00,3130.83,3130.83,3082.62,3098.86,42.48606035
2021-09-27 11:45:00,3094.02,3094.02,3082.61,3084.84,0.78074923
2021-09-27 12:00:00,3089.53,3106.83,3089.42,3106.83,1.24931013
2021-09-27 12:15:00,3105.31,3113.47,3105.31,3105.31,3.94085436
2021-09-27 12:30:00,3102.68,3109.82,3096.9,3109.82,1.34792724
2021-09-27 12:45:00,3110.09,3110.09,3110.09,3110.09,0.01864
2021-09-27 13:00:00,3104.35,3104.35,3081.44,3081.44,4.68737865
2021-09-27 13:15:00,3092.09,3094.17,3089.17,3090.71,2.29956928
2021-09-27 13:30:00,3089.66,3089.66,3081.43,3089.48,6.19980419
2021-09-27 13:45:00,3093.29,3093.89,3092.53,3093.88,3.25301346
2021-09-27 14:00:00,3100.43,3100.43,3060.56,3079.79,26.23215459
2021-09-27 14:15:00,3070.28,3076.75,3070.28,3070.38,8.45953391
2021-09-27 14:30:00,3061.4,3073.94,3060.72,3065.24,3.95145945
2021-09-27 14:45:00,3070.41,3079.32,3070.41,3079.32,0.47047544
2021-09-27 15:00:00,3076.13,3083.54,3076.13,3083.44,7.39713693
2021-09-27 15:15:00,3078.99,3084.0,3075.04,3084.0,19.50310028
2021-09-27 15:30:00,3087.5,3088.0,3058.01,3061.64,9.13768089
2021-09-27 15:45:00,3069.15,3072.52,3069.15,3070.4,1.21728652
2021-09-27 16:00:00,3067.37,3074.6,3061.55,3074.6,11.90418821
2021-09-27 16:15:00,3072.0,3079.32,3070.42,3079.32,5.73811185
2021-09-27 16:30:00,3079.5,3122.22,3058.81,3068.0,13.40297825
2021-09-27 16:45:00,3070.54,3070.54,3038.67,3045.07,45.68305664
2021-09-27 17:00:00,3044.0,3057.0,3037.5,3042.41,82.29295201
2021-09-27 17:15:00,3042.25,3046.12,3034.51,3038.91,6.38806276
2021-09-27 17:30:00,3048.2,3049.42,3041.21,3041.21,8.1666082
2021-09-27 17:45:00,3043.7,3061.87,3043.7,3061.87,3.41448242
2021-09-27 18:00:00,3060.68,3060.68,3037.44,3040.3,18.86846861
2021-09-27 18:15:00,3037.15,3042.66,3032.95,3032.95,3.51191902
2021-09-27 18:30:00,3039.18,3039.18,3007.48,3007.48,17.44251356
2021-09-27 18:45:00,3006.95,3011.96,2981.48,3005.9,67.80363586
2021-09-27 19:00:00,3005.32,3018.35,3005.32,3018.35,31.97973319
2021-09-27 19:15:00,3017.99,3025.84,2997.15,2997.15,15.4016317
2021-09-27 19:30:00,2990.58,3011.02,2989.19,3003.2,98.58633317
2021-09-27 19:45:00,3000.77,3000.77,2990.28,2991.56,6.88387899
2021-09-27 20:00:00,2998.37,3009.71,2997.22,3009.44,1.82802583
2021-09-27 20:15:00,3009.36,3013.41,3007.03,3010.37,2.35748058
2021-09-27 20:30:00,3011.0,3011.0,2995.07,2996.92,64.84969868
2021-09-27 20:45:00,2990.0,2996.1,2988.2,2996.1,4.75221101
2021-09-27 21:00:00,2993.3,3000.26,2983.08,2998.76,131.05481154
2021-09-27 21:15:00,3000.01,3003.74,2996.35,2999.35,19.40835393
2021-09-27 21:30:00,3004.86,3005.68,3000.64,3005.68,6.03924035
2021-09-27 21:45:00,2998.12,2999.72,2995.2,2995.61,16.87477506
2021-09-27 22:00:00,2990.27,2990.27,2957.33,2963.86,56.51021701
2021-09-27 22:15:00,2961.37,2973.0,2960.55,2965.44,10.88744445
2021-09-27 22:30:00,2965.44,2965.44,2965.44,2965.44,0.0
2021-09-27 22:45:00,2965.44,2965.44,2965.44,2965.44,0.0
2021-09-27 23:00:00,2965.44,2965.44,2965.44,2965.44,0.0
2021-09-27 23:15:00,2970.91,2973.68,2966.37,2973.67,25.31286716
2021-09-27 23:30:00,2968.75,2981.37,2968.75,2980.23,62.62894565
2021-09-27 23:45:00,2980.83,2997.01,2980.83,2995.33,33.57202098
2021-09-28 00:00:00,2989.67,2993.14,2986.3,2986.3,2.04198039
2021-09-28 00:15:00,2997.81,3025.18,2997.77,3020.3,119.59440607
2021-09-28 00:30:00,3026.27,3026.27,3006.37,3007.13,9.5968936
2021-09-28 00:45:00,3000.22,3003.19,2994.42,3002.11,4.47363141
2021-09-28 01:00:00,3000.71,3005.51,2980.49,2983.8,17.40683261
2021-09-28 01:15:00,2987.4,2987.4,2957.84,2962.68,12.56582285
2021-09-28 01:30:00,2957.32,2966.47,2934.2,2934.2,13.65521864
2021-09-28 01:45:00,2942.83,2947.67,2924.81,2924.81,34.90672464
2021-09-28 02:00:00,2923.35,2935.95,2910.29,2927.88,21.9466437
2021-09-28 02:15:00,2926.49,2938.73,2916.42,2935.12,42.16311294
2021-09-28 02:30:00,2934.46,2954.92,2934.46,2947.02,3.97964846
2021-09-28 02:45:00,2941.27,2941.27,2926.9,2930.31,0.98498319
2021-09-28 03:00:00,2924.81,2924.81,2893.95,2914.44,23.90728852
2021-09-28 03:15:00,2912.49,2926.21,2912.49,2926.21,0.08937621
2021-09-28 03:30:00,2934.15,2943.84,2934.15,2943.84,0.54146814
2021-09-28 03:45:00,2942.14,2945.69,2938.09,2939.34,0.48967037
2021-09-28 04:00:00,2940.0,2946.92,2939.04,2946.92,21.42735601
2021-09-28 04:15:00,2948.79,2957.39,2948.79,2957.39,4.03110248
2021-09-28 04:30:00,2951.42,2951.42,2938.94,2938.94,6.99401485
2021-09-28 04:45:00,2940.69,2942.29,2924.81,2942.16,15.7818905
2021-09-28 05:00:00,2938.63,2944.41,2936.92,2937.53,1.05195646
2021-09-28 05:15:00,2948.79,2950.9,2946.14,2950.9,8.03241984
2021-09-28 05:30:00,2936.23,2938.88,2936.23,2938.88,0.87734611
2021-09-28 05:45:00,2948.45,2948.45,2948.45,2948.45,0.01
2021-09-28 06:00:00,2951.51,2955.85,2943.0,2953.67,43.40520927
2021-09-28 06:15:00,2963.5,2968.28,2959.24,2964.41,3.14172044
2021-09-28 06:30:00,2963.93,2963.93,2958.28,2958.28,0.31012454
2021-09-28 06:45:00,2958.79,2958.79,2958.79,2958.79,0.00472259
2021-09-28 07:00:00,2960.57,2961.54,2945.68,2946.13,10.19538004
2021-09-28 07:15:00,2944.11,2944.11,2941.42,2941.42,0.04803655
2021-09-28 07:30:00,2939.4,2941.86,2938.4,2941.8,49.37574335
2021-09-28 07:45:00,2947.68,2952.54,2941.38,2942.99,8.7323565
2021-09-28 08:00:00,2942.13,2946.6,2938.0,2938.0,10.60424443
2021-09-28 08:15:00,2938.0,2938.0,2931.51,2932.9,53.71190061
2021-09-28 08:30:00,2938.29,2939.39,2921.31,2921.31,9.57354553
2021-09-28 08:45:00,2919.5,2933.01,2909.85,2933.01,46.11031629
2021-09-28 09:00:00,2931.19,2936.54,2918.3,2918.3,8.43214792
2021-09-28 09:15:00,2912.9,2912.9,2884.5,2888.41,54.22234264
2021-09-28 09:30:00,2896.17,2900.01,2894.22,2894.41,41.87164523
2021-09-28 09:45:00,2892.0,2897.77,2890.6,2894.6,20.49199448
2021-09-28 10:00:00,2893.35,2922.4,2878.21,2922.4,24.01903924
2021-09-28 10:15:00,2918.95,2934.15,2895.91,2895.91,6.63691533
2021-09-28 10:30:00,2895.88,2909.99,2885.75,2909.61,15.75069002
2021-09-28 10:45:00,2906.74,2911.66,2892.76,2907.34,3.89219486
2021-09-28 11:00:00,2905.24,2911.78,2898.6,2911.78,15.80168581
2021-09-28 11:15:00,2911.01,2924.46,2900.67,2920.39,9.70029165
2021-09-28 11:30:00,2926.21,2927.1,2915.34,2918.29,1.05639097
2021-09-28 11:45:00,2919.92,2921.54,2919.92,2921.54,0.42028959
2021-09-28 12:00:00,2904.07,2904.5,2895.84,2904.5,5.69709554
2021-09-28 12:15:00,2906.55,2918.97,2896.1,2896.1,4.94766341
2021-09-28 12:30:00,2900.0,2904.04,2890.0,2890.0,4.6307112
2021-09-28 12:45:00,2890.0,2907.81,2890.0,2903.78,7.1623407
2021-09-28 13:00:00,2899.25,2913.65,2898.41,2913.65,7.09917266
2021-09-28 13:15:00,2910.54,2927.75,2910.28,2924.25,3.33231944
2021-09-28 13:30:00,2924.25,2939.52,2915.08,2915.08,7.47119003
2021-09-28 13:45:00,2920.32,2927.48,2920.18,2927.48,2.98757078
2021-09-28 14:00:00,2929.36,2931.46,2921.55,2925.37,4.97096553
2021-09-28 14:15:00,2922.47,2927.36,2920.1,2927.36,1.1442903
2021-09-28 14:30:00,2928.28,2929.9,2902.42,2902.42,34.23265323
2021-09-28 14:45:00,2904.15,2909.32,2896.64,2898.04,47.51128829
2021-09-28 15:00:00,2900.0,2955.54,2899.45,2899.45,51.03055187
2021-09-28 15:15:00,2906.46,2941.73,2906.46,2941.73,6.64818476
2021-09-28 15:30:00,2943.95,2943.95,2926.31,2936.27,10.32963771
2021-09-28 15:45:00,2929.56,2931.93,2916.93,2917.53,9.70439957
2021-09-28 16:00:00,2915.08,2915.08,2888.52,2888.52,163.6808219
2021-09-28 16:15:00,2889.34,2897.4,2845.6,2863.66,271.79358949
2021-09-28 16:30:00,2859.88,2875.31,2857.36,2872.21,228.7101618
2021-09-28 16:45:00,2876.3,2876.31,2857.78,2857.78,8.46832431
2021-09-28 17:00:00,2858.35,2859.71,2843.76,2852.99,10.87473908
2021-09-28 17:15:00,2855.38,2857.55,2852.52,2855.43,1.28300496
2021-09-28 17:30:00,2861.76,2867.07,2861.76,2865.5,5.11279599
2021-09-28 17:45:00,2859.81,2861.23,2846.33,2847.29,2.10898412
2021-09-28 18:00:00,2843.76,2855.86,2832.93,2855.86,56.78337252
2021-09-28 18:15:00,2859.58,2868.41,2859.58,2866.73,7.26343417
2021-09-28 18:30:00,2859.89,2865.99,2846.01,2846.01,10.52183597
2021-09-28 18:45:00,2845.09,2845.09,2816.25,2821.73,22.64102159
2021-09-28 19:00:00,2823.49,2829.01,2810.26,2814.51,72.71671063
2021-09-28 19:15:00,2807.81,2830.89,2805.46,2826.6,43.73461942
2021-09-28 19:30:00,2828.1,2828.1,2817.82,2822.01,12.03156725
2021-09-28 19:45:00,2827.47,2833.69,2820.21,2833.69,9.39089258
2021-09-28 20:00:00,2824.64,2824.88,2808.71,2808.71,64.09242645
2021-09-28 20:15:00,2812.96,2825.79,2812.96,2825.35,8.54306148
2021-09-28 20:30:00,2826.6,2846.01,2826.6,2840.0,57.03768692
2021-09-28 20:45:00,2845.96,2856.03,2840.31,2840.45,39.09679498
2021-09-28 21:00:00,2843.25,2856.91,2842.59,2856.91,6.82203966
2021-09-28 21:15:00,2854.32,2856.0,2847.21,2847.22,5.28619764
2021-09-28 21:30:00,2848.4,2848.4,2837.21,2840.0,24.00566185
2021-09-28 21:45:00,2837.6,2847.83,2819.68,2840.78,31.89574458
2021-09-28 22:00:00,2839.65,2882.76,2839.65,2854.15,20.48916734
2021-09-28 22:15:00,2856.18,2882.76,2856.18,2873.99,73.09238813
2021-09-28 22:30:00,2874.0,2875.39,2867.56,2867.75,8.78363398
2021-09-28 22:45:00,2868.49,2870.82,2861.93,2862.83,17.31606048
2021-09-28 23:00:00,2862.68,2873.77,2862.68,2870.77,5.65896031
2021-09-28 23:15:00,2873.58,2881.72,2873.58,2881.72,4.41933166
2021-09-28 23:30:00,2880.49,2880.49,2869.28,2870.53,34.03620136
2021-09-28 23:45:00,2868.7,2879.61,2865.64,2879.61,1.33648789
2021-09-29 00:00:00,2874.34,2874.87,2864.79,2864.79,2.10390485
2021-09-29 00:15:00,2864.79,2864.79,2851.66,2851.91,3.73290702
2021-09-29 00:30:00,2850.5,2858.7,2850.5,2853.13,46.13630651
2021-09-29 00:45:00,2851.35,2851.35,2837.06,2837.06,4.01164571
2021-09-29 01:00:00,2838.06,2847.66,2838.06,2847.18,0.8819006
2021-09-29 01:15:00,2836.92,2843.51,2835.52,2837.64,9.88975942
2021-09-29 01:30:00,2839.2,2839.2,2790.0,2797.75,210.70631801
2021-09-29 01:45:00,2800.0,2807.09,2794.17,2804.9,6.20498853
2021-09-29 02:00:00,2805.61,2824.77,2799.42,2799.42,21.38487761
2021-09-29 02:15:00,2805.46,2837.69,2793.0,2837.55,10.41707044
2021-09-29 02:30:00,2832.68,2857.49,2828.09,2845.29,27.61036729
2021-09-29 02:45:00,2838.51,2845.32,2829.7,2841.93,8.99158676
2021-09-29 03:00:00,2852.9,2866.52,2852.9,2866.52,4.37250417
2021-09-29 03:15:00,2866.1,2868.41,2856.23,2856.23,12.40201954
2021-09-29 03:30:00,2845.09,2845.09,2838.68,2840.38,0.13535298
2021-09-29 03:45:00,2838.76,2854.37,2836.29,2854.37,4.35405217
2021-09-29 04:00:00,2862.03,2868.41,2854.32,2854.32,5.75130248
2021-09-29 04:15:00,2860.73,2880.48,2860.73,2877.55,5.53128313
2021-09-29 04:30:00,2877.45,2877.84,2877.35,2877.84,0.11
2021-09-29 04:45:00,2869.67,2874.55,2869.67,2874.55,0.41588
2021-09-29 05:00:00,2870.75,2870.95,2860.11,2860.11,10.3793353
2021-09-29 05:15:00,2855.38,2860.01,2855.38,2860.0,0.65634721
2021-09-29 05:30:00,2868.17,2871.15,2868.17,2871.15,4.17414277
2021-09-29 05:45:00,2877.72,2897.17,2877.67,2891.47,4.89808351
2021-09-29 06:00:00,2896.36,2926.21,2892.44,2916.57,10.1140359
2021-09-29 06:15:00,2919.69,2919.69,2908.62,2912.79,0.89263775
2021-09-29 06:30:00,2914.37,2914.37,2914.37,2914.37,0.7995103
2021-09-29 06:45:00,2915.19,2916.01,2904.36,2904.36,5.67726201
2021-09-29 07:00:00,2911.02,2911.02,2897.31,2897.31,3.01666019
2021-09-29 07:15:00,2898.0,2900.36,2895.84,2900.36,2.71233598
2021-09-29 07:30:00,2899.7,2906.28,2896.12,2906.28,1.11382499
2021-09-29 07:45:00,2904.69,2907.77,2904.69,2907.09,2.76190897
2021-09-29 08:00:00,2911.55,2911.55,2903.27,2903.27,4.82742148
2021-09-29 08:15:00,2907.48,2907.48,2904.58,2905.0,90.0693189
2021-09-29 08:30:00,2905.74,2915.07,2905.74,2909.02,5.12824353
2021-09-29 08:45:00,2915.66,2931.02,2915.66,2931.02,39.67271348
2021-09-29 09:00:00,2928.4,2928.4,2921.06,2921.06,70.30623029
2021-09-29 09:15:00,2920.7,2926.66,2920.7,2926.66,23.81521741
2021-09-29 09:30:00,2926.62,2926.62,2917.45,2918.18,23.10350852
2021-09-29 09:45:00,2920.0,2921.44,2920.0,2921.44,1.11985474
2021-09-29 10:00:00,2927.79,2927.79,2919.28,2919.79,3.44483869
2021-09-29 10:15:00,2921.51,2922.2,2906.97,2906.97,26.64388176
2021-09-29 10:30:00,2918.92,2921.5,2913.16,2913.16,1.26799083
2021-09-29 10:45:00,2911.18,2914.07,2911.18,2914.07,0.3157729
2021-09-29 11:00:00,2916.35,2916.35,2896.26,2899.51,48.85032314
2021-09-29 11:15:00,2898.75,2898.75,2898.75,2898.75,0.4978313
2021-09-29 11:30:00,2904.21,2904.44,2903.07,2903.07,2.12831481
2021-09-29 11:45:00,2904.9,2911.99,2904.36,2911.99,21.23665351
2021-09-29 12:00:00,2912.0,2945.35,2912.0,2925.89,50.18722417
2021-09-29 12:15:00,2929.01,2929.01,2918.13,2926.11,16.5668051
2021-09-29 12:30:00,2929.51,2938.97,2928.22,2928.22,72.03605811
2021-09-29 12:45:00,2928.43,2929.45,2928.43,2929.45,3.88716731
2021-09-29 13:00:00,2924.79,2924.79,2920.54,2920.67,5.22930208
2021-09-29 13:15:00,2918.0,2926.75,2916.9,2925.32,20.34563988
2021-09-29 13:30:00,2922.02,2922.28,2917.89,2922.28,2.03208076
2021-09-29 13:45:00,2922.08,2934.13,2922.08,2934.11,31.09587698
2021-09-29 14:00:00,2932.66,2932.66,2927.95,2928.7,17.45480645
2021-09-29 14:15:00,2933.57,2948.0,2927.62,2927.62,36.19948792
2021-09-29 14:30:00,2930.48,2930.48,2896.64,2908.27,20.77923605
2021-09-29 14:45:00,2901.99,2914.24,2901.99,2913.08,8.04116676
2021-09-29 15:00:00,2917.28,2921.84,2914.31,2914.31,4.83438282
2021-09-29 15:15:00,2918.3,2919.41,2904.14,2904.14,3.88110887
2021-09-29 15:30:00,2905.93,2905.93,2896.17,2898.53,7.51083149
2021-09-29 15:45:00,2900.87,2916.1,2899.97,2912.76,17.78707984
2021-09-29 16:00:00,2917.96,2924.46,2917.96,2918.16,0.89970007
2021-09-29 16:15:00,2918.16,2932.61,2918.16,2932.61,149.59885566
2021-09-29 16:30:00,2926.07,2926.07,2914.24,2916.1,7.74772486
2021-09-29 16:45:00,2918.96,2924.4,2914.43,2924.4,0.98662848
2021-09-29 17:00:00,2927.9,2932.28,2925.57,2928.77,187.44018627
2021-09-29 17:15:00,2927.93,2927.93,2916.71,2916.71,4.451374
2021-09-29 17:30:00,2915.59,2915.59,2854.32,2870.65,73.73689651
2021-09-29 17:45:00,2872.05,2874.04,2855.6,2859.86,16.27410337
2021-09-29 18:00:00,2859.86,2869.63,2859.86,2862.44,13.32930911
2021-09-29 18:15:00,2867.19,2867.19,2841.28,2845.93,32.357733
2021-09-29 18:30:00,2847.25,2853.76,2840.18,2846.89,189.74414327
2021-09-29 18:45:00,2842.21,2856.01,2842.21,2850.0,56.29807775
2021-09-29 19:00:00,2845.95,2849.83,2840.0,2840.96,11.25676126
2021-09-29 19:15:00,2840.0,2849.17,2835.93,2849.17,8.98558693
2021-09-29 19:30:00,2845.51,2846.71,2829.7,2829.7,9.72725096
2021-09-29 19:45:00,2827.65,2827.65,2815.72,2815.72,0.34482987
2021-09-29 20:00:00,2814.93,2825.17,2803.17,2823.24,56.65980021
2021-09-29 20:15:00,2830.37,2832.93,2823.58,2823.58,11.51333217
2021-09-29 20:30:00,2819.47,2825.29,2818.11,2825.29,2.43155019
2021-09-29 20:45:00,2823.0,2823.0,2814.45,2814.45,15.77908088
2021-09-29 21:00:00,2817.7,2826.21,2810.0,2821.78,24.98827854
2021-09-29 21:15:00,2826.65,2831.72,2816.01,2816.01,6.90781153
2021-09-29 21:30:00,2818.91,2820.27,2814.52,2814.52,6.43750304
